ID,Text,,
BN_1,"BAföG (für Schüler)
________________________________________
Ausbildungsförderung für Schülerinnen und Schüler
Leistungsbeschreibung
Schülerinnen und Schüler bestimmter Schulformen haben einen Rechtsanspruch auf Leistungen nach dem BAföG, wenn ihnen die für ihren Lebensunterhalt und ihre Ausbildung erforderlichen Mittel anderweitig nicht zur Verfügung stehen.

Es werden unter bestimmten Voraussetzungen Schülerinnen und Schüler von weiterführenden allgemeinbildenden Schulen und Berufsfachschulen ab Klasse 10 sowie Fach- und Fachoberschulen, Abendhauptschulen, Berufsaufbauschulen, Abendrealschulen, Abendgymnasien und Kollegs gefördert.

Der Ausbildungsbedarf ist in der Regel abhängig vom Einkommen und Vermögen der Auszubildenden und vom Einkommen der Eltern oder des Ehegatten. Die Förderung am Abendgymnasium und Kolleg erfolgt elternunabhängig.

Es ist ein Antrag erforderlich, der grundsätzlich beim Amt für Ausbildungsförderung am Wohnort der Eltern zu stellen ist. Beim Besuch des Abendgymnasiums und Kollegs ist das Amt am Schulort zuständig.
Zu erreichen sind die Mitarbeiterinnen und Mitarbeiter persönlich während der Sprechzeiten im Dienstgebäude Campestr. 7, 38102 Braunschweig, 1. OG. Eine vorherige Terminabsprache ist nicht nötig.
Sprechzeiten:
Terminabsprachen könne Sie grundsätzlich entweder telefonisch, per E-Mail oder über das Online-Formular vornehmen.
Welche Unterlagen werden benötigt?
Antragformulare liegen im Amt für Ausbildungsförderung bereit oder online unter www.bafög.de",,
BN_10,"Eltern, die in der Stadt Hildesheim ihren Wohnsitz haben, können hier für ihre neu geborenen Kinder Elterngeld beantragen. Eltern, die nicht in der Stadt Hildesheim, aber im Landkreis Hildesheim wohnen, stellen den Antrag bitte dort. 
Das Elterngeld soll die Eltern in der Frühphase der Elternschaft unterstützen und dazu beitragen, dass Familien ohne finanzielle Nöte in ihr Familienleben hineinfinden und sich vorrangig der Betreuung ihrer Kinder widmen. Ferner soll die Vereinbarkeit von Familie und Beruf sowie die partnerschaftliche Aufteilung von Familien- und Erwerbsarbeit erleichtert werden. 
Erwerbstätige Eltern, die ihr Berufsleben unterbrechen oder ihre Berufstätigkeit auf höchstens 30 Stunden wöchentlich reduzieren, können zwölf Monate lang ein Elterngeld in Höhe von 67 Prozent bzw. 65 Prozent ihres bereinigten Nettoeinkommens, maximal 1.800 Euro im Monat, erhalten. Zwei Partnermonate werden zusätzlich als Bonus gewährt, wenn der jeweils andere Elternteil in dieser Zeit seine Erwerbstätigkeit zugunsten der Kindererziehung zeitlich einschränkt oder aussetzt. 
Eltern, die vor der Geburt ihres Kindes nicht erwerbstätig waren, erhalten ein Mindestelterngeld von 300 Euro monatlich. 
Das Elterngeld ist schriftlich auf dem dafür vorgesehenen Vordruck, den Sie in der Elterngeldstelle, bei der Information im Eingangsbereich des Gebäudes Markt 2 sowie online unter Formulare (siehe unten) erhalten können, zu beantragen. Eine rückwirkende Bewilligung des Elterngeldes ist nur für die letzten drei Lebensmonate vor der Antragstellung möglich. 
Ergänzende Informationen über das Elterngeld und das Antragsverfahren erhalten Sie auf den Webseiten des Niedersächsischen Ministeriums für Soziales, Gesundheit und Gleichstellung und des Bundesministeriums für Familie, Senioren, Frauen und Jugend. Mit dem Online-Rechner können Sie Ihr Elterngeld selbst berechnen. Bitte haben Sie Verständnis dafür, dass eine Vorabberechnung durch die Elterngeldstelle hingegen nicht möglich sein wird. 
Ein persönlicher Besuch in der Elterngeldstelle ist in den allermeisten Fällen nicht notwendig. Bitte nutzen Sie den Hausbriefkasten der Stadtverwaltung oder reichen Sie Ihre Unterlagen per E-Mail ein. Sollte ausnahmsweise dennoch ein Besuch erforderlich sein, vereinbaren Sie dazu bitte einen Termin unter den genannten Telefonnummern.",,
BN_2,"Fundsachen
________________________________________
Gefundene Wertgegenstand mit einem Gegenwert von mehr als 10 Euro, müssen abgeben werden.
Leistungsbeschreibung
Wenn Sie einen Wertgegenstand (das heißt einen Gegenstand mit einem Wert von mehr als 10 Euro) gefunden haben, müssen Sie diesen Fund abgeben. Anlaufstellen sind die Fundbüros der Kommunen. Dort wird eine Fundanzeige aufgenommen. Fundsache, der Fundort und die Fundzeit sowie ihre Personalien werden festgehalten, da Sie unter Umständen später Anspruch auf Finderlohn haben oder auf den Fund selbst, falls sich nach Fristablauf kein Besitzer feststellen lässt.
Aufbewahrung und Versteigerung
Das Fundbüro ist verpflichtet, Fundsachen mindestens sechs Monate lang aufzubewahren. Meldet sich der Besitzer innerhalb dieser Zeit nicht, so haben Sie als Finder/in Anspruch auf den gefundenen Gegenstand. Wird dieses Recht von Ihnen nicht wahrgenommen oder handelt es sich bei den Fundsachen um in öffentlichen Gebäuden oder Verkehrsmitteln gefundene Gegenstände, wird die Stadt oder die Gemeinde selbst Eigentümerin der Sachen.
Diese Fundsachen werden dann in größeren zeitlichen Abständen nach vorheriger Ankündigung durch das Fundbüro öffentlich versteigert. Die Einnahmen der Versteigerung fließen in den Haushalt der Gemeinde.
Tiere 
Auch Tiere gelten als Fundsache. Wenn Sie ein Tier gefunden haben, sollten Sie mit der zuständigen Kommune Kontakt aufnehmen und den Fund dort anzeigen. In Absprache mit der Gemeinde können Sie das Tier gegebenenfalls auch dort abgeben. Es wird dann üblicherweise zur weiteren Versorgung in einem Tierheim untergebracht.
Sie können Fundtiere auch ohne Anzeige direkt in einem Tierheim abgeben. Die Fundanzeige wird dann durch das Tierheim erledigt, da ohne Anzeige die Kommune nicht dazu verpflichtet ist, die Kosten der Unterbringung zu tragen.
Hinweise / Besonderheiten
Zusätzlich bieten wir Ihnen
 eine ""Onlinesuche"" nach in Braunschweig verlorenen Gegenständen,
 eine ""Veröffentlichungsliste"" über in Braunschweig gefundene Gegenstände und
 die Möglichkeit, uns eine E-Mail zuzusenden.
Fundgegenstände, die innerhalb eines halben Jahres nicht vom Eigentümer bzw. vom Finder abgeholt wurden, werden versteigert.
Eine Gewährleistung für den Wert sowie mögliche Mängel der versteigerten Gegenstände wird nicht übernommen.",,
BN_3,"Kindertagesstätte, Platzvermittlung und Voranmeldung 
________________________________________ 
Der Kita-Finder ist das zentrale Online-Anmeldeportal für alle öffentlichen Kindertagestätten der Stadt Braunschweig sowie der Freien Träger von Kindertagesstätten und Eltern-Kind-Gruppen in Braunschweig. 
Leistungsbeschreibung 
Über den Kita-Finder finden Sie alle wichtigen Informationen für die Suche und die künftige Online-Voranmeldung für einen Kinderbetreuungsplatz in Braunschweig. Der Braunschweiger Kita-Finder beinhaltet eine Übersicht über alle Braunschweiger Kinderkrippen (für Kinder bis 3 Jahren) und Kindergärten (für Kinder ab 3 Jahren). 
Durch die Eingabe Ihrer persönlichen Suchkriterien werden Ihnen passende und gerne auch wohnortnahe Betreuungseinrichtungen übersichtlich angezeigt. Sie können sich die Einrichtungen auch auf einer interaktiven Stadtkarte anzeigen lassen. 
Die Online-Vorannmeldung ermöglicht Ihnen in einem Vorgang das Voranmelden in mehreren Ihrer ausgewählten Wunsch-Kitas nach einer von Ihnen angegebenen Priorität. Nach Eingabe aller für die Platzvergabe relevanten Daten zu Ihrem Kind, zu Ihnen und Ihrem gewünschten Betreuungsbedarf übersenden Sie die Voranmeldung für die weitere Bearbeitung an die ausgewählten Einrichtungen.",,
BN_4,"Allgemeine Informationen 
Sie sind aus Ihrer Wohnung in Hannover ausgezogen und ziehen ins Ausland oder Sie geben eine Nebenwohnung außerhalb Hannovers auf? 
Verfahrensablauf 
Für die Abmeldung können Sie persönlich zu uns kommen. Nutzen Sie die Online-Terminvergabe der Bürgerämter, siehe Link unten. 
Bei Abmeldungen von gemeinsam ausziehenden Familien mit minderjährigen Kindern reicht es aus, wenn ein Elternteil die Abmeldung vornimmt. Dies gilt nur, wenn die Eltern verheiratet sind. 
Um das Ausfüllen des Vordrucks brauchen Sie sich nicht zu kümmern. Dies wird von uns an den Beratungsplätzen für Sie erledigt. Sie müssen Ihre Abmeldung lediglich unterschreiben. 
Sie können Ihre Abmeldung ebenfalls schriftlich erledigen. Nötig sind folgende Angaben: 
- Namen und Geburtsdaten der Personen, die ausziehen 
- Tag des Auszugs 
- Anschrift der alten Wohnung 
- Anschrift der neuen Wohnung (mindestens die Angabe des Wegzugslandes) 
- Unterschrift der ausziehenden Personen 
- Bitte senden Sie uns zusammen mit diesen Angaben eine Kopie der Personalausweise oder Pässe der wegziehenden Personen zu. 
Welche Unterlagen werden benötigt? 
- Ihr Personalausweis sowie die Ausweisdokumente aller abzumeldenden Familienmitglieder 
- Ausländische Mitbürgerinnen und Mitbürger benötigen ihre Pässe 
Welche Gebühren fallen an? 
Die Abmeldung ist gebührenfrei. 
Welche Fristen muss ich beachten? 
Meldefrist: Sie müssen sich innerhalb von zwei Wochen nach dem Auszug abmelden, wenn Sie keine neue Wohnung im Inland beziehen. Eine Abmeldung vor dem Auszugstermin ist frühestens eine Woche vor dem Auszug möglich. 
Bearbeitungsdauer 
Ihre Abmeldung wird sofort vorgenommen. Die Abmeldebestätigung können Sie gleich mitnehmen. 
Rechtsgrundlage 
- Bundesmeldegesetz (BMG) 
Was sollte ich noch wissen? 
- Bei einem Umzug innerhalb der Bundesrepublik Deutschland müssen Sie sich nicht abmelden. Eine Anmeldung am neuen Wohnort ist ausreichend. 
- Die Abmeldung einer Nebenwohnung in Hannover muss über die Meldebehörde Ihrer Hauptwohnung vorgenommen werden. 
- Bei einem Wegzug ins Ausland und der Aufgabe einer Nebenwohnung besteht weiterhin die Pflicht zur Abmeldung. 
- Deutsche Staatsbürger/innen, die ins Ausland verziehen, können durch Angabe ihrer genauen Auslandsanschrift über anstehende Bundestags- und Europawahlen informiert werden. Bereits ins Ausland Verzogene können ihrer letzten inländischen Meldebehörde zu diesem Zweck eine aktuelle Auslandsanschrift angeben. 
- Für die Abmeldung von Kindern und Jugendlichen bis zum vollendeten 16. Lebensjahr muss die Person sorgen, aus deren Wohnung das Kind oder der Jugendliche auszieht.",,
BN_5,"Elterngeld und Elternzeit
________________________________________
Leistungsbeschreibung
Das Elterngeld ist eine staatliche Leistung für Eltern von Säuglingen und Kleinkindern.
Es soll den Eltern ermöglichen, ihr Kind zu erziehen und zu betreuen.
Elterngeld gibt es in drei Varianten:
 Basiselterngeld
 ElterngeldPlus
 Partnerschaftsbonusmonate
Diese Varianten können miteinander kombiniert werden.
Das Basiselterngeld wird an Väter und Mütter für maximal 14 Lebensmonate gezahlt.
Beide können den Zeitraum frei untereinander aufteilen. Allerdings gibt es sowohl eine Mindestbezugszeit von 2 Lebensmonaten als auch eine Maximalbezugszeit von 12 Lebensmonaten. ElterngeldPlus kann darüber hinaus für einen längeren Zeitraum bezogen werden.
Die Höhe des Elterngeldes orientiert sich an den laufend zu versteuernden Einkünften, welche der antragstellende Elternteil vor der Geburt des Kindes erzielt hat und welches nach der Geburt wegfällt. Das Elterngeld ersetzt dieses entfallende Einkommen mit einer Ersatzrate, die nach der Höhe des Einkommens vor der Geburt des Kindes gestaffelt ist (65-100%). Es beträgt mindestens 300,-  und höchstens 1.800,-  pro Lebensmonat des Kindes.
Elterngeld gibt es auch für Eltern, die vor der Geburt gar kein Einkommen hatten.
In diesem Fall könnte dann der Mindestbetrag in Höhe von 300,-  beantragt werden.
Elterngeld wird bei der Elterngeldstelle beantragt. Der Antrag muss schriftlich nach der Geburt des Kindes gestellt werden.
Wir raten allen Antragstellern sich im Vorfeld von der Elterngeldstelle zu den vielfältigen Bezugsmöglichkeiten beraten zu lassen.
Alle Unterlagen und weitere Informationen finden Sie unter dem Punkt Downloads/Link

Elternzeit
Elternzeit ist eine unbezahlte Auszeit vom Berufsleben für die Betreuung und die Erziehung Ihres Kindes. Grundsätzlich hat jeder Elternteil einen Anspruch auf bis zu drei Jahre Elternzeit, die innerhalb der ersten drei Lebensjahre genommen werden kann.
Bis zu 24 Monate können auf den Zeitraum zwischen dem dritten Geburtstag und der Vollendung des achten Lebensjahres übertragen werden, wenn diese nicht innerhalb der ersten drei Lebensjahren in Anspruch genommen wurden. Die Übertragung muss dem Arbeitgeber vor dem dritten Geburtstag des Kindes mitgeteilt werden. 
Die Anmeldung der Elternzeit sollte beim Arbeitgeber schriftlich erfolgen. Innerhalb der ersten drei Lebensjahre muss dies spätestens sieben Wochen vor Antritt der Elternzeit erfolgen, nach dem dritten Lebensjahr spätestens 13 Wochen davor.
Elternzeit können Sie unter folgenden Voraussetzungen nehmen:
Sie sind Arbeitnehmerin oder Arbeitnehmer.
Sie betreuen und erziehen Ihr Kind selbst und leben mit Ihrem Kind in einem gemeinsamen Haushalt 
Während der Elternzeit arbeiten Sie entweder gar nicht oder höchstens 30 Stunden (für Geburten ab 01.09.2021 bis zu 32 Stunden) pro Woche.
Welche Unterlagen werden benötigt?
 Vollständig ausgefüllter Antrag auf Elterngeld bzw. ElterngeldPlus
 Geburtsbescheinigung für Elterngeld
 Bescheinigung über Anspruch auf Mutterschaftsgeld
 Erweiterte Unterlagen, abhängig von den persönlichen Verhältnissen, sind aus dem Antragformular ersichtlich",,
BN_6,"Führungszeugnis 
________________________________________ 
Informationen zum Beantragen eines Führungszeugnisses 
Leistungsbeschreibung 
Das Führungszeugnis ist eine Urkunde, die vom Bundeszentralregister in Bonn auf Antrag ausgestellt wird. 
Es gibt folgende Arten von Führungszeugnissen: 
 für private Zwecke 
(wird nach Ausstellung dem Antragsteller zugesandt) und 
 zur Vorlage bei einer deutschen Behörde 
(wird nach Ausstellung der angegebenen Behörde zugeleitet) und 
 erweiterte Führungszeugnisse nach §30a Bundeszentralregistergesetz (BZRG) und 
 Europäische Führungszeugnisse nach §30b BZRG für EU-Bürger bzw. für Deutsche, die noch eine weitere EU-Staatsangehörigkeit besitzen. 
Das Führungszeugnis für private Zwecke wird im Allgemeinen benötigt, wenn man dem künftigen Arbeitgeber auf sein Verlangen hin nachweisen muss, dass man nicht vorbestraft ist. 
Ein Behördenführungszeugnis wird benötigt, wenn man bei einer Behörde arbeiten möchte oder eine amtliche Erlaubnis, z. B. eine Gaststättenerlaubnis, beantragt hat. Das Führungszeugnis wird direkt an die Behörde geschickt. Hierfür wird die genaue Anschrift der Behörde (keine Postfachangabe) benötigt. 

Sie haben -auf Antrag- die Möglichkeit das Führungszeugnis, wenn es Eintragungen enthält, zuvor beim Amtsgericht Braunschweig einzusehen. Bitte bedenken Sie, dass das Führungszeugnis damit erst später der Behörde vorliegt. 
Für das erweiterte Führungszeugnis erhält die Person ein Anforderungsschreiben des Arbeitgebers, des Trägers oder der Trägerorganisation der bzw. die das Führungszeugnis benötigt. Das Schreiben muss folgende Angaben enthalten: 
 Daten der Organisation 
 Bestätigung, dass die Voraussetzungen nach §30a vorliegen 
 Name, Vorname, Geburtsdatum und Anschrift der Person, die das Führungszeugnis beantragen soll 
 die gewünschte Belegart 
 ggf. die Anschrift der Behörde, an die das Führungszeugnis gesandt werden soll 
Voraussetzungen 
Beantragen kann jede Person, 
 die das 14. Lebensjahr vollendet hat. Bis zum 18. Lebensjahr kann dieser Antrag auch vom gesetzlichen Vertreter gestellt werden, 
 die mit Haupt- oder Nebenwohnung in Braunschweig gemeldet ist. 
Beantragung: 
 online über die Abteilung Bürgerangelegenheiten (ohne Online Ausweisfunktion) 
 direkt beim Bundesamt für Justiz (mit Online Ausweisfunktion) 
 persönlich 
Welche Unterlagen werden benötigt? 
 Personalausweis, Reisepass, Kinderreisepass oder Führerschein 
 bei Führungszeugnissen zur Vorlage bei einer Behörde die Anschrift und das Aktenzeichen der Behörde (keine Postfachangabe) 
 bei schriftlicher Beantragung zusätzlich Beglaubigung der Unterschrift durch einen Notar oder eine Behörde 
 für ein erweitertes Führungszeugnis zusätzlich das Anforderungsschreiben des Arbeitgebers, der Einrichtung oder des Trägers der Einrichtung 
Welche Gebühren fallen an? 
Die Gebühr beträgt 13,00 EUR. 
Welche Fristen muss ich beachten? 
Ihr Antrag wird sofort bearbeitet und dem Bundesamt für Justiz, Dienststelle Bundeszentralregister, in Bonn zur Ausstellung zugesandt. 
Was sollte ich noch wissen? 
Bei Online-Beantragung eines gebührenbefreiten Führungszeugnisses ist der Nachweis über die Gebührenbefreiung direkt bei Beantragung mit einzureichen. Erfolgt kein Nachweis oder ist der Nachweis nicht ausreichend, so wird der Antrag abgelehnt. 
Hinweise / Besonderheiten 
Vermehrt werben andere Internetanbieter wie z.B. ""www.amtsweg.com"" oder ""www.fuehrungszeugnis.net"" damit, dass man über diese Plattformen ein Führungszeugnis beantragen kann. Tatsächlich handelt es sich hierbei um ein kostenpflichtiges Abo-Angebot. Ein Führungszeugnis lässt sich über diese Anbieter nicht beantragen.",,
BN_7,"Zweitwohnungssteuer 
________________________________________ 
Die Zweitwohnungssteuer ist eine örtliche Aufwandsteuer. Rechtsgrundlage ist die Zweitwohnungssteuersatzung der Stadt Braunschweig vom 16. Februar 2021. Die Zweitwohnungssteuer wird ab dem 1. Januar 2022 erhoben. 
Hintergrund der Einführung der Steuer ist auch die Beteiligung aller in Braunschweig Wohnenden an den Kosten für die Infrastruktur, die zwar allen Einwohnerinnen und Einwohnern zur Verfügung steht, aber über den kommunalen Finanzausgleich nur von in Braunschweig mit Hauptwohnsitz angemeldeten Einwohnerinnen und Einwohnern finanziert werden. 
Leistungsbeschreibung 
Gegenstand der Steuer ist das Innehaben einer Zweitwohnung im Stadtgebiet. Steuerpflichtig ist der Inhaber/die Inhaberin der Zweitwohnung, sofern er/sie in dieser Wohnung mit Nebenwohnung angemeldet ist oder angemeldet sein müsste. 
Als Bemessungsgrundlage wird die Jahreskaltmiete zu Grunde gelegt, d.h. die Miete ohne Nebenkosten. Der Steuersatz ist zehn Prozent der Nettokaltmiete. Ist die Wohnung im Eigentum, zu einem Entgelt unterhalb der ortsüblichen Miete oder unentgeltlich überlassen, wird die Nettokaltmiete auf Grundlage der für Räume in ähnlicher Art, Lage und Ausstattung zu zahlenden Miete geschätzt. 
Ausnahmen 
Von der Steuer ausgenommen sind zum Beispiel Studierende und Auszubildende, die am Studien- bzw. Ausbildungsort in einer anderen Stadt ihren Erstwohnsitz gemeldet haben und eine Nebenwohnung bei ihren Eltern in Braunschweig haben, sofern sie das 28. Lebensjahr noch nicht vollendet haben. 
Ebenfalls ausgenommen sind Menschen, die in der Nebenwohnung therapeutisch oder sozialpädagogisch betreut werden. 
Die weiteren Ausnahmen sind abschließend durch § 3 der Zweitwohnungssteuersatzung geregelt. 
Ablauf des Verfahrens 
Zur Veranlagung der Zweitwohnungsteuer werden die Personen, die eine Nebenwohnung im Stadtgebiet Braunschweig angemeldet haben, vom Fachbereich Finanzen gebeten, eine Zweitwohnungssteuererklärung abzugeben. Dem Erklärungsvordruck sind ausführliche Erläuterungen und ein Auszug der Zweitwohnungssteuersatzung beigefügt. 
Die Steuererklärung muss ausgefüllt zurückgesandt werden, damit über die Zweitwohnungssteuerpflicht entschieden werden kann. 
Die Steuer wird zu je einem Viertel ihres Jahresbetrages am 15. Februar, 15. Mai, 15. August und 15. November fällig.",,
BN_8,"Anmeldung einer Eheschliessung 
Die beabsichtigte Eheschließung ist beim Standesamt anzumelden. Die Anmeldung dient der Prüfung der Ehefähigkeit in rechtlicher Hinsicht und der Ermittlung etwaiger Eheverbote. 
Vor der eigentlichen Eheschließung stehen noch die Formalitäten. 
Eine Anmeldung ist frühestens 6 Monate vor der Eheschließung möglich. Fällt der Beginn Ihrer Anmeldefrist aufgrund Ihres gewünschten Eheschließungstermins auf einen Freitag oder ein Wochenende, so beginnt die Anmeldefrist für Sie am darauffolgenden Montag. 
Grundsätzlich sollten beide Verlobte sich die Zeit nehmen zur Anmeldung persönlich und gemeinsam während der Sprechzeiten vorzusprechen. Ist einer der Verlobten verhindert, so kann er sich in einer Beitrittserklärung mit der Anmeldung durch den anderen Verlobten einverstanden erklären. 
Zuständig für die Entgegennahme der Anmeldung ist der Standesbeamte, in dessen Bezirk einer der Verlobten einen gewöhnlichen Aufenthalt hat. 
Wenn Sie dennoch einmal warten müssen, bitte haben Sie Verständnis, wir werden uns für Sie die gleiche Zeit nehmen wie für die Kunden, die vor Ihnen bedient werden. 
Eheschließungstermin 
Wenn Sie beide Deutsche sind, volljährig und ledig, die genannten Kriterien auf Sie zutreffen, und alle Ihre Fragen durch diese Information ausgeräumt wurden, so können Sie sich nach Besorgung aller Unterlagen von Montag bis Donnerstag - zu den genannten Sprechzeiten - Ihre Eheschließung beim Standesamt anmelden. Dabei wird dann auch der von Ihnen gewünschte Eheschließungstermin besprochen. 
Wir bitten um Verständnis dafür, dass aus Gründen der Gleichbehandlung der Eheschließungstermin erst abgesprochen wird, wenn alle für die Anmeldung zur Eheschließung erforderlichen Nachweise vollständig dem zuständigen Standesbeamten vorgelegt worden sind. D.h. Reservierungen von Eheschließungsterminen werden nicht vorgenommen. 
Persönliche Beratung 
In folgenden Fällen empfehlen wir eine persönliche Beratung: 
 eine/r der Verlobten besitzt eine ausländische Staatsangehörigkeit, 
 eine/r der Verlobten hat minderjährige Kinder, 
 eine/r der Verlobten war schon ein- oder mehrmals verheiratet und/oder lebte in eingetragener(n) (gleichgeschlechtlichen) Lebenspartnerschaft (en), 
 eine/r der Verlobten ist nicht im Bundesgebiet geboren, 
 eine/r der Verlobten ist Asylberechtigter, ausländischer Flüchtling usw., 
 eine/r der Verlobten ist im Ausland geschieden worden, 
 eine/r der Verlobten ist minderjährig. 
Trauzimmer der Stadt Hildesheim 
Trauungen in Hildesheim finden im historischen Trauzimmer im Alten Rathaus statt. Im Einvernehmen mit dem Standesamt kann Ihre Eheschließung aber auch im Dachpavillon des Museums vorgenommen werden. 
Trauzeiten 
Trauungen finden grundsätzlich montags bis freitags von 9:30 Uhr bis 11:30 Uhr statt; nach Vereinbarung sind Trauungen auch montags bis mittwochs nachmittags möglich. 
Einmal im Monat werden Freitagsnachmittags- und Samstagsvormittagstrauungen durchgeführt. (Terminangebote siehe ""Dokumente"". Welche Termine davon aktuell noch verfügbar sind, erfahren Sie bei Rücksprache). 
Für Trauungen im Museumspavillon oder außerhalb der üblichen Öffnungszeiten entstehen zusätzliche Kosten. 
Bitte beachten Sie die Hinweise unter Eheschließungstermin (siehe oben). 
Was muss ich mitbringen? 
Es werden Unterlagen benötigt. Wenden Sie sich bitte an die zuständige Stelle. 
Welche Gebühren fallen an? 
Die Kosten für eine Eheschließung lassen sich nicht pauschal festlegen. Die folgenden Informationen sollen Ihnen helfen, die anfallenden Kosten einzuschätzen. Es fallen grundsätzlich folgende Gebühren an: 

 50,00 Euro wenn beide Brautleute die deutsche Staatsbürgerschaft besitzen, 
 Zuzüglich 40,00 Euro pro zu berücksichtigendes ausländisches Eheschließungsrecht, 
 15,00 Euro Eheurkunde (erstes Exemplar), weitere Exemplare dieser Urkunden kosten jeweils die Hälfte.",,
BN_9,"Eintragung in das Wählerverzeichnis zur Landtagswahl am 09. Oktober 2022 
Sehr geehrte Dame, sehr geehrter Herr, 
am 09. Oktober findet die Niedersächsische Landtagswahl statt. Wahlberechtigt ist unter anderem, wer die deutsche Staatsangehörigkeit besitzt und seit mindestens drei Monaten seinen Wohnsitz in Niedersachsen hat. Ein Zuzug, Umzug oder Fortzug wirkt sich je nach seinem Zeitpunkt sehr unterschiedlich auf Ihr Wahlrecht aus: 
1. Zuzug von außerhalb Niedersachsens nach Braunschweig nach dem 09. Juli 2022 
Sie sind nach dem Stichtag 09. Juli von einem Wohnort außerhalb Niedersachsens nach Braunschweig zugezogen und erfüllen somit nicht die 3-Monats-Frist. Daher sind Sie für die Landtagswahl nicht wahlberechtigt. 
2. Zuzug aus einer anderen Gemeinde Niedersachsens nach Braunschweig nach dem 28. August 2022 
Das Wählerverzeichnis der Stadt Braunschweig wurde bereits aufgestellt. Sie sind darin nicht erfasst worden. Um von Ihrem Wahlrecht Gebrauch machen zu können, bestehen für Sie folgende Möglichkeiten: 
Wählen am Wahlsonntag: Sie wählen persönlich im Wahlbezirk Ihrer bisherigen Wohngemeinde. 
Wählen durch Briefwahl: Sie beantragen bei Ihrer bisherigen Wohngemeinde einen Wahlschein mit Briefwahlunterlagen (formlos oder auf der Rückseite Ihrer Wahlbenachrichtigung). 
3. Umzug innerhalb Braunschweigs nach dem 28. August 2022 
Das Wählerverzeichnis ist bereits aufgestellt. Sie bleiben für die Landtagswahl in dem Wahlbezirk eingetragen, in dem Sie bisher Ihre Wohnung hatten. Um von Ihrem Wahlrecht Gebrauch machen zu können, bestehen für Sie folgende Möglichkeiten: 
Wählen am Wahlsonntag: Sie wählen persönlich in dem Wahllokal, das auf Ihrer Wahlbenachrichtigung eingetragen ist. 
Wählen durch Briefwahl: Sie beantragen beim Wahlamt einen Wahlschein mit Briefwahlunterlagen und nehmen über die Briefwahl an der Wahl teil. Den Antrag finden Sie auf der Rückseite Ihrer Wahlbenachrichtigung und im Internet unter www.braunschweig.de/briefwahl. 
4. Fortzug aus Braunschweig in eine andere Gemeinde Niedersachsens nach dem 28. August 2022 
Sie bleiben zur Landtagswahl noch im Wählerverzeichnis der Stadt Braunschweig eingetragen. Um von Ihrem Wahlrecht Gebrauch machen zu können, bestehen für Sie folgende Möglichkeiten: 
Wählen am Wahlsonntag: Sie wählen persönlich in dem Wahllokal, das auf Ihrer Wahlbenachrichtigung eingetragen ist. 
Wählen durch Briefwahl: Sie beantragen beim Wahlamt der Stadt Braunschweig einen Wahlschein mit Briefwahlunterlagen. Den Antrag finden Sie auf der Rückseite Ihrer Wahlbenachrichtigung und im Internet unter www.braunschweig.de/briefwahl. 
Sie haben Fragen zu Ihrem Wahlrecht? Oder Sie haben bis zum 18. September 2022 keine Wahlbenachrichtigung bekommen, obwohl Sie davon ausgehen wahlberechtigt zu sein? Bitte sprechen Sie uns an.",,
K_1,"Aufenthaltserlaubnis aus dringenden humanitären oder persönlichen Gründen beantragen
Allgemeine Informationen
Sie streben einen zeitlich begrenzten Aufenthalt in Deutschland an, beispielsweise zur vorübergehenden Betreuung eines schwer kranken Familienangehörigen, zur Vornahme einer drin-gend gebotenen ärztlichen Behandlung oder des Abschlusses einer Berufsausbildung. Sie halten sich in Deutschland auf und sind nicht ausreisepflichtig.
Dann kann Ihnen durch die Ausländerbehörde eine Aufenthaltserlaubnis erteilt werden, solange dringende humanitäre oder persönliche Gründe oder erhebliche öffentliche Interessen Ihre vorübergehende weitere Anwesenheit im Bundesgebiet erfordern.
Die Aufenthaltserlaubnis berechtigt Sie nicht zur Ausübung einer Erwerbstätigkeit. Sie kann auf Antrag durch die Ausländerbehörde erlaubt werden.
Ihnen gegenüber kann eine Wohnsitzauflage erlassen werden.
Sie haben Anspruch auf Leistungen nach dem Asylbewerberleistungsgesetz.
Ein Familiennachzug ist ausgeschlossen.
Sie haben keinen Anspruch auf Teilnahme an einem Integrationskurs. Sie können nur im Rahmen verfügbarer Kursplätze zur Teilnahme zugelassen werden.
Verfahrensablauf
Ihre Aufenthaltserlaubnis müssen Sie in der Regel persönlich beantragen.
? Vereinbaren Sie mit der örtlich zuständigen Ausländerbehörde einen Vorsprachetermin. Sie können sich dazu auch auf der jeweiligen Website der Ausländerbörde über den Ablauf der Beantragung informieren und welche Unterlagen Sie in welcher Form vorlegen müssen.
? Während Ihres Termins werden Ihre Fingerabdrücke genommen.
Wenn Ihrem Antrag stattgegeben wird, beauftragt die Ausländerbehörde die Bundesdruckerei, den elektronischen Aufenthaltstitel herzustellen. Die Aufenthaltserlaubnis hat die Form einer Scheckkarte mit elektronischen Zusatzfunktionen.
Hinsichtlich der Dauer des Verfahrens bis zur Aushändigung des Aufenthaltserlaubnis informieren Sie sich bei der zuständigen Ausländerbehörde.
An wen muss ich mich wenden?
Örtlich zuständige Ausländerbehörde
Voraussetzungen
? Vorliegen eines Antrages auf Erteilung einer Aufenthaltserlaubnis
? Nicht vollziehbar ausreisepflichtiger Ausländer
? Dringende humanitäre oder persönliche Gründe oder erhebliche öffentliche Interessen müssen die vorübergehende Anwesenheit im Bundesgebiet erfordern
? Erfüllung der allgemeinen Erteilungsvoraussetzungen
? Es dürfen keine Versagungsgründe vorliegen (kein Ausweisungsinteresse, keine Einreise- und Aufenthaltsverbot)
Welche Unterlagen werden benötigt?
? aktuelles biometrisches Foto
? Nachweise der Identität, wenn vorhanden z. B. Pass, ID Card, Geburtsurkunde, Heiratsurkunde; Staatsangehörigkeitsausweis
? Ggf. Arbeitsvertrag oder verbindliches Arbeitsplatzangebot
? Nachweis über Ihre Krankenversicherung
? Mietvertrag
Welche Gebühren fallen an?
Gebühr für die Erteilung der Aufenthaltserlaubnis: 100 Euro
Bei Minderjährigen: 50 Euro
Gebührenbefreiung bei Bezug von Sozialleistungen
? Gebühr:100,00 EUR. Gebühr für die Erteilung der Aufenthaltserlaubnis Gebührenbefreiung bei Bezug von Sozialleistungen
? Gebühr:50,00 EUR. Bei Minderjährigen
Welche Fristen muss ich beachten?
Gültigkeit der Aufenthaltserlaubnis:
? längstens 6 Monate, wenn Sie sich noch nicht seit mindestens 18 Monaten (ununterbrochen) rechtmäßig in Deutschland aufgehalten haben
? bis zu drei Jahren, wenn Sie sich bereits länger als 18 Monate rechtmäßig in Deutschland aufgehalten haben.
Bearbeitungsdauer
Ihnen wird in der Regel bei der Antragstellung auf Erteilung einer Aufenthaltserlaubnis von der zuständigen Ausländerbehörde die Dauer des Verfahrens mitgeteilt (etwa 6 bis 8 Wochen).
Hinweis: Die Aufenthaltserlaubnis wird als elektronischer Aufenthaltstitel ausgestellt.
Rechtsgrundlage
§ 5 AufenthG
§ 25 Abs. 4 S. 1 AufenthG
§ 12 AufenthG
§ 29 Abs. 3 AufenthG
§ 44 AufenthG
§ 78 AufenthG
§ 78a AufenthG
§ 45 AufenthV
§ 53 AufenthV
§ 1 AsylbLG
? Aufenthaltsgesetz
? Aufenthaltsverordnung
? Asylbewerberleistungsgesetz
Rechtsbehelf
Gegen einen ablehnenden Bescheid der Ausländerbehörde kann Klage beim zuständigen Verwaltungsgericht erhoben werden.
Ein Vorverfahren (Widerspruch) findet in Niedersachsen nicht statt.
Detaillierte Informationen können dem ablehnenden Bescheid entnommen werden.
Anträge / Formulare
Erhalten Sie von Ihrer örtlich zuständigen Ausländerbehörde
Onlineverfahren möglich: nein
Persönliches Erscheinen erforderlich: ja",,
K_10,"Sterbeurkunde  Ausstellung
Allgemeine Informationen
Die Ausstellung einer Sterbeurkunde können Sie unter bestimmten Voraussetzungen beim zuständigen Standesamt beantragen. Diese ist für verschiedene Verwaltungsvorgänge nach dem Ableben einer Person notwendig.
Verfahrensablauf
? Sie stellen den Antrag auf Ausstellung der Sterbeurkunde beim zuständigen Standesamt und fügen die erforderlichen Unterlagen bei.
? Das Standesamt prüft Ihre Angaben sowie die von Ihnen vorgelegten Unterlagen und stellt ggf. die Sterbeurkunde aus.
? Das Standesamt übersendet Ihnen die Sterbeurkunde per Post, sofern keine persönliche Abholung vereinbart wurde.
? Die Gebühren werden entweder vorab oder nach Übersendung via Rechnung bezahlt. Bei persönlicher Abholung ist eine Zahlung der Gebühren vor Ort möglich.
Zuständige Stelle
Die Zuständigkeit liegt bei dem Standesamt, in dessen Bereich der Sterbefall eingetreten ist.
Voraussetzungen
Die Ausstellung einer Sterbeurkunde beantragen können: 
? Ehegatten und Lebenspartner 
? Vorfahren und Abkömmlinge (z. B. Kind, Enkelkind)
? Geschwister, wenn sie ein berechtigtes Interesse glaubhaft machen 
? andere Personen, wenn sie ein rechtliches Interesse glaubhaft machen.
? Von den Angehörigen beauftragte Bestattungsinstitute.
? Antragsteller müssen über 16 Jahre alt sein.
Welche Unterlagen werden benötigt?
- Identitätsnachweis (Kopie)
Welche Gebühren fallen an?
? Gebühr:15,00 EUR
Ausstellung einer Sterbeurkunde
? Gebühr:7,50 EUR
Jedes weitere Exemplar, wenn es gleichzeitig mit dem Erstexemplar beantragt wird
Welche Fristen muss ich beachten?
Die Frist für die Führung des Sterberegisters durch das Standesamt von 30 Jahren darf noch nicht abgelaufen sein.
Bearbeitungsdauer
Wir versuchen Ihr Anliegen möglichst kurzfristig zu bearbeiten. Die durchschnittliche Bearbeitungszeit beträgt ca. 2 Wochen. Auch die Versendung der Urkunden über den beauftragten Postdienstleister kann bis zu 2 Wochen dauern. Hierfür bitten wir um Verständnis. Bitte sehen Sie in dieser Zeit von Rückfragen ab.
Auskünfte im Rahmen der Ahnenforschung nehmen - je nach Umfang der Anfrage - einen wesentlich längeren Zeitaufwand (Suchaufwand) in Anspruch. Hier kann es in Einzelfällen zu einer 3-4 -wöchtigen Bearbeitungszeit kommen. Hierfür bitten wir um Verständnis.
Rechtsgrundlage
? § 55 Personenstandsgesetz (PStG)
? § 60 Personenstandsgesetz (PStG)
? § 62 Personenstandsgesetz (PStG)
Rechtsbehelf
Lehnt das Standesamt Ihren Antrag auf Ausstellung einer Sterbeurkunde ab, können Sie beim zuständigen Gericht einen Antrag stellen, das Standesamt anzuweisen, Ihnen die Sterbeurkunde auszustellen.",,
K_2,"Hilfe für junge Volljährige
Allgemeine Informationen
Die Hilfe für junge Volljährige beinhaltet unterschiedliche Leistungen. Es handelt sich sowohl um eine eigenständige Hilfe für 18 bis 21 jährige sowie um eine Fortsetzungshilfe für über 21 Jährige und die Nachbetreuung.
Die Hilfe wird in der Regel nur bis zur Vollendung des 21. Lebensjahres gewährt; in begründeten Einzelfällen soll sie für einen begrenzten Zeitraum darüber hinaus fortgesetzt werden.
Die Hilfe wird gewährt, wenn sie aufgrund der individuellen Situation des jungen Menschen als Hilfe für die Persönlichkeitsentwicklung und für die eigenverantwortliche Lebensführung erforderlich ist. Individuelle Situationen, in denen eine Leistung der Jugendhilfe nach § 41 SGB VIII erforderlich ist, können sich ergeben durch mangelnde Kompetenzen zur Gestaltung einer eigenverantwortlichen Lebensführung. Ursächlich hierfür können sowohl individuelle Beeinträchtigungen als auch soziale Benachteiligungen sein.
An wen muss ich mich wenden?
Die Zuständigkeit liegt beim Jugendamt des Landkreises oder der kreisfreien Stadt.
? Jugendämter in Niedersachsen
Welche Unterlagen werden benötigt?
Es werden ggf. Unterlagen benötigt. Eventuell einzureichende Unterlagen richten sich nach den Anforderungen des Einzelfalls.
Welche Gebühren fallen an?
Die Finanzierung der Hilfe zur Erziehung erfolgt durch das Jugendamt. Dieses stellt die Leistungen selbst bereit oder übernimmt die mit den Trägern vereinbarten Kosten.
Bei der Hilfe für junge Volljährige in stationärer oder teilstationärer Form werden grundsätzlich Kostenbeiträge nach § 91 SGB VIII erhoben. Über die Heranziehung der Volljährigen entscheidet der Kostenträger im Einzelfall.
Spezieller Hinweis:
Die Finanzierung der Hilfe zur Erziehung erfolgt durch das Jugendamt im Fachbereich Jugend der Region Hannover. Dieses stellt die Leistungen selbst bereit oder übernimmt die mit den Trägern vereinbarten Kosten.
Bei der Hilfe für junge Volljährige in stationärer oder teilstationärer Form werden grundsätzlich Kostenbeiträge nach § 91 SGB VIII erhoben. Über die Heranziehung entscheidet der Kostenträger im Einzelfall.
? Mehr über den Fachbereich Jugend der Region Hannover auf hannover.de
Rechtsgrundlage
? § 41 Sozialgesetzbuch - Achtes Buch (SGB VIII)
Hilfe für junge Volljährige, Nachpflege
? § 91 Sozialgesetzbuch - Achtes Buch (SGB VIII)
Kostenbeiträge für stationäre oder teilstationäre Behandlung junger Volljähriger
Was sollte ich noch wissen?
Anträge für Hilfe für junge Volljährige stellen Sie bitte bei der zuständigen Stelle.",,
K_3,"Familienname Änderung
Allgemeine Informationen
Sofern eine Änderung des Nachnamens außerhalb der Regelungen des bürgerlichen Rechts (also nicht z. B. bei Eheschließung oder scheidung) gewünscht ist, muss diese als öffentlich-rechtliche Namensänderung bei der zuständigen Stelle beantragt werden.
Verfahrensablauf
Für eine beschränkt geschäftsfähige Person stellt der gesetzliche Vertreter den Antrag (Vater, Mutter, Vormund, Betreuer). Ein Vormund oder Betreuer/-in bedarf hierzu der Genehmigung des Vormundschaftsgerichts. Die Genehmigung des Vormundschaftsgerichts und der Nachweis über das Ergebnis der vormundschaftsgerichtlichen Anhörung des Antragstellers/der Antragstellerin sind dem Antrag beizufügen.
Weitere Fragen zum Antrag beantwortet die zuständige Stelle.
An wen muss ich mich wenden?
Die Zuständigkeit liegt bei der Gemeinde, der Samtgemeinde und der Stadt, in der die antragstellende Person ihren Wohnsitz hat.
Voraussetzungen
? Deutsche/r im Sinne im Sinne des Art. 116 Abs. 1 Grundgesetzes für die Bundesrepublik Deutschland (GG), Staatenlose, heimatlose Ausländer, ausländische Flüchtlinge oder Asylberechtigte
? Vorliegen eines wichtigen Grundes, welcher im Antrag ausführlich dazulegen ist
Bei folgenden Änderungsgründen gelten weitere Anforderungen, die in der jeweiligen Leistung enthalten sind:
? Erklärung von Vertriebenen, Spätaussiedlern, deren Ehegatten und Abkömmlingen
? Erklärung zur Namensführung von Ehegatten
? Erklärung zur Namensführung von Lebenspartnern
? nachträgliche Erklärung eines gemeinsamen Familiennamens
? Wiederannahme des Geburtsnamens
? Änderung des Familiennamens eines Kindes
? Art. 116 Abs. 1 Grundgesetz für die Bundesrepublik Deutschland
Welche Unterlagen werden benötigt?
? Antrag mit
? der Darlegung der wichtigen Gründe
? einer Erklärung darüber, ob schon früher eine Änderung des Namens beantragt wurde, gegebenenfalls wann und bei welcher zuständigen Stelle
? einer Erklärung darüber, dass dem Antragsteller/der Antragstellerin bekannt ist, dass die Namensänderung bzw. die Ablehnung oder Zurücknahme des Antrages gebührenpflichtig ist
? Nachweis, dass der/die Antragsteller/-in entweder Deutsche/r im Sinne des Art. 116 Abs. 1 des Grundgesetzes für die Bundesrepublik Deutschland oder staatenlos, heimatloser Ausländer, ausländischer Flüchtling, Asylberechtigter ist, z.B.
? Auszug aus dem Familienregister,
? beglaubigte Abschrift aus dem Familienbuch,
? Staatsangehörigkeitsausweis,
? Reisepass, Reiseausweis, Personalausweis oder Kinderausweis
? beglaubigte Abschrift des Geburteneintrags für den Antragsteller/die Antragstellerin sowie für alle Personen, auf die sich die Änderung des Familiennamens erstrecken soll; die Urkunden müssen neueren Datums sein.
? Falls die antragstellende Person verheiratet ist oder war, die Heiratsurkunde bzw. eine beglaubigte Abschrift aus dem Familienbuch.
? Bei einer Namensänderung aus familienrechtlichen Gründen ist auch eine beglaubigte Ablichtung aus dem als Heiratseintrag fortgeführten Familienbuch oder der Familienbuchauszug der Familie vorzulegen, deren Namen der/die Antragsteller/-in anzunehmen wünscht.
? für Personen, die das 14. Lebensjahr vollendet haben:
? Führungszeugnis (Beleg-Art O)
Die Unterlagen sollten jeweils im Original eingereicht werden. Alle Antragsunterlagen verbleiben grundsätzlich bei der zuständigen Stelle. Die vorgelegten Originalunterlagen werden nach erfolgter Beglaubigung der Kopien zurückgegeben.
Im Einzelfall können zur Antragsbearbeitung weitere Unterlagen und Nachweise erforderlich werden. Informationen dazu erteilt die zuständige Stelle.
? Art. 116 Abs. 1 Grundgesetz für die Bundesrepublik Deutschland
? § 15 Gesetz über die Angelegenheiten der Vertriebenen und Flüchtlinge (BVFG)
? § 30 Abs. 5 Gesetz über das Zentralregister und das Erziehungsregister (BZRG)
Welche Gebühren fallen an?
Die Gebührenhöhe richtet sich nach dem Verwaltungsaufwand und der Bedeutung, dem wirtschaftlichen Wert oder dem sonstigen Nutzen der Amtshandlung für den Antragsteller/die Antragstellerin.
Welche Fristen muss ich beachten?
Es müssen ggf. Fristen beachtet werden. Wenden Sie sich bitte an die zuständige Stelle.
Rechtsgrundlage
? Gesetz über die Änderung von Familiennamen und Vornamen (NamÄndG)",,
K_4,"Austellung eines Ehefähigkeitszeugnis
Das Ehefähigkeitszeugnis ist eine Bescheinigung des deutschen Standesamtes, welche bescheinigt, dass der Eheschließung der beiden in diesem Zeugnis genannten Verlobten kein Ehehindernis nach deutschem Recht entgegensteht.
Leistungsbeschreibung
Wenn Sie im Ausland heiraten bzw. eine Lebenspartnerschaft eingehen möchten, sollten Sie sich bei der zuständigen Auslandsvertretung (Konsulat/ Botschaft) erkundigen, welche Unterlagen Sie benötigen.
In einigen Fällen dürfte eine erweiterte Meldebescheinigung (in dieser ist der Familienstand vermerkt) genügen. Diese bekommen Sie bei der Abteilung Bürgerangelegenheiten.
Sollten Sie deutsche/r Staatsbürger/in sein und es wird ein Ehefähigkeitszeugnis (enthält Angaben zu beiden Personen) von Ihnen verlangt, müssen Sie dieses beim Standesamt Ihres Wohnortes beantragen. Wenn kein Wohnsitz im Bundesgebiet mehr besteht, muss das Ehefähigkeitszeugnis beim Standesamt des letzten Wohnsitzes in der Bundesrepublik beantragt werden.
Verfahrensablauf
Lassen Sie sich unbedingt hinsichtlich der erforderlichen Dokumente für die Ausstellung eines Ehefähigkeitszeugnisses beraten.
Sobald alle erforderlichen Nachweise vorliegen, können Sie einen Termin mit einer der zuständigen Standesbeamtinnen vereinbaren oder die Originalunterlagen zusammen mit dem ausgefüllten Antrag per Post an das Standesamt senden.
Voraussetzungen
Für die Ausstellung eines Ehefähigkeitszeugnisses müssen Sie einen Antrag (mündlich oder schriftlich) stellen und die erforderlichen Dokumente beim zuständigen Standesamt einreichen.
Welche Unterlagen werden benötigt?
Da die zur Ausstellung eines Ehefähigkeitszeugnisses von beiden Partnern vorzulegenden Dokumente individuell sind, erfragen Sie die in Ihrem Fall erforderlichen Unterlagen bitte vor der Beantragung bei einer der zuständigen Standesbeamtinnen.
Welche Gebühren fallen an?
Die Gebühr für die Ausstellung eines Ehefähigkeitszeugnisses beträgt 50,00 Euro.
Im Einzelfall können weitere Gebühren anfallen.
Welche Fristen muss ich beachten?
Das Ehefähigkeitszeugnis ist ab dem Ausstellungsdatum nur sechs Monate gültig ist.
Bearbeitungsdauer
Die Bearbeitungsdauer kann variieren.
Wenn Sie einen persönlichen Termin vereinbaren und alle erforderlichen Unterlagen vorlegen, kann das Ehefähigkeitszeugnis direkt ausgestellt werden.
Links
Erforderliche Unterlagen
 Meldebescheinigung
Rechtsgrundlagen
 § 39 Personenstandsgesetz (PStG)
Weiterführende Informationen
 Auswärtiges Amt - Webseiten der deutschen Auslandsvertretungen",,
K_5,"Wohnungsstatusänderung

Allgemeine Informationen

Wenn Sie mehrere Wohnungen innerhalb der Bundesrepublik Deutschland bewohnen, so ist nur eine dieser Wohnungen Ihre Hauptwohnung. Nach den Vorschriften des Bundesmeldegesetzes ist die vorwiegend benutzte Wohnung die Hauptwohnung und jede weitere Wohnung Nebenwohnung.

Einen Wohnungsstatuswechsel müssen Sie immer dann vornehmen, wenn Ihre bisherige Nebenwohnung zur Hauptwohnung bzw. umgekehrt werden soll. Der Statuswechsel ist nur am Ort der neuen Hauptwohnung möglich. Bei der Änderung können Sie gleichzeitig Ihren bisherigen Hauptwohnsitz abmelden oder in einen Nebenwohnsitz umwandeln.

Der Statuswechsel muss innerhalb zweier Wochen angezeigt werden und wird sofort durchgeführt. Formulare brauchen von Ihnen nicht ausgefüllt zu werden. Sie leisten nur Ihre Unterschrift.

Wenn Hildesheim Ihr neuer Hauptwohnsitz bzw. alleiniger Wohnsitz wird und Ihre bisherige Hauptwohnung im Landkreis Hildesheim war und Sie ein Kraftfahrzeug besitzen, dass auf Ihren Namen zugelassen ist, muss die neue Anschrift auch im Kfz-Schein oder in der Zulassungsbescheinigung Teil I eingetragen werden. Dieses können Sie gleich bei Ihrer Statusänderung im Stadtbüro mit erledigen. Bitte bringen Sie Ihren Kfz-Schein oder die Zulassungsbescheinigung Teil I mit. Für die Änderung wird eine Gebühr in Höhe von 10,70 Euro erhoben. Für die Neuausstellung einer Zulassungsbescheinigung Teil I beträgt die Gebühr 11,50 Euro.

Welche Unterlagen werden benötigt?

- Personalausweis und/oder Reisepass bzw. Kinderausweis oder Kinderreisepass jeder statusändernden Person
- Zuletzt ausgestellte Personenstandsurkunde (z.B. Geburtsurkunde, Heiratsurkunde)

Welche Gebühren fallen an?

Die Statusänderung ist gebührenfrei. 

Für die Änderung von KFZ-Schein oder Zulassungsbescheinigung Teil I wird eine Gebühr in Höhe von 10,70 Euro erhoben.

Für die Neuausstellung einer Zulassungsbescheinigung Teil I beträgt die Gebühr 11,50 Euro.

Was sollte ich noch wissen?

Wird Hildesheim neuer Hauptwohnsitz bzw. alleiniger Wohnsitz erhalten Sie als Willkommensgruß eine Mappe mit Informationsmaterial über Hildesheim sowie diversen Gutscheinen zum Kennenlernen Ihrer neuen Stadt mit Ihren vielfältigen kulturellen und sonstigen Einrichtungen. 
- Gebührenentrichtung - wie kann ich bezahlen?
- KFZ-Zulassung


Öffnungszeiten des Stadtbüros (Nur mit Terminreservierung): 
Montag und Dienstag 7:30 - 15:00 Uhr
Mittwoch 7:30 - 12:00 Uhr
Donnerstag 7:30 - 18:00 Uhr
Freitag 7:30 - 12:00 Uhr
Samstag 9:00 - 12:00 Uhr

Bitte sehen Sie von Terminanfragen per Mail ab.

Für eine Terminreservierung nutzen Sie bitte vorzugsweise die Online-Terminreservierung unter https://www.hildesheim.de/termin.
Hier können Sie sich einen individuellen Termin für Ihr Anliegen buchen.


Wir sind derzeit bemüht, den durch die Corona-Krise entstandenen Rückstand abzuarbeiten. Aufgrund des hohen Aufkommens an Telefonaten kann es daher
vereinzelt zu Problemen in der telefonischen Erreichbarkeit kommen. Wir bitten dieses zu entschuldigen und weisen darauf hin, dass eine Vorsprache ohne Terminvereinbarung nicht möglich ist.",,
K_6,"Führungszeugnis
Allgemeine Informationen
Das Führungszeugnis beinhaltet bestimmte über eine Person im Bundeszentralregister enthaltene Angaben. Im Führungszeugnis wird unter Aufführung der vollständigen Personalien hauptsächlich verzeichnet, ob die betreffende Person vorbestraft oder nicht vorbestraft ist. Es dient damit als Nachweis der Unbescholtenheit.
Wenn Sie in der Stadt Hildesheim mit Haupt- oder Nebenwohnsitz gemeldet sind und das 14. Lebensjahr vollendet haben, können Sie einen Antrag auf Ausstellung eines Führungszeugnisses stellen. Bis zum 18. Lebensjahr ist auch der gesetzliche Vertreter antragsbefugt. Eine Bevollmächtigung einer dritten Person zur Antragstellung ist nicht zulässig.
Der Antrag auf Ausstellung eines Führungszeugnisses kann schriftlich eingereicht werden. Eine persönliche Antragstellung im Stadtbüro ist ebenfalls möglich. Hier können Sie einen entsprechenden Termin reservieren.
Dieser schriftliche Antrag muss zwingend eine Unterschrift im Original enthalten. Zudem ist eine Kopie Ihres Ausweises oder Reisepasses und ein Nachweis beizufügen, welche Art von Führungszeugnis Sie benötigen. Die Unterlagen und den entsprechenden Kostenbescheid erhalten Sie per Post.
Es gibt verschiedene Belegarten von Führungszeugnissen:

? Belegart N  für private Zwecke. Dieses Führungszeugnis wird Ihnen persönlich übersandt.
? Belegart O  zur Vorlage bei einer Behörde. Das Führungszeugnis wird unmittelbar der von Ihnen angegebenen Behörde zugeleitet. Sie müssen dazu die Bezeichnung und Anschrift der Behörde und die Geschäftsnummer bzw. den Verwendungszweck angeben.
? Belegart P  zur Vorlage bei einer Behörde, wenn das Führungszeugnis, soweit es Eintragungen enthält, vorher durch den Antragsteller beim Amtsgericht eingesehen werden soll.
? Belegart OG  wenn das Führungszeugnis zur Vorlage bei einer Behörde für eine in § 149 Abs. 2 Nr. 1 der Gewerbeordnung bezeichnete Entscheidung bestimmt ist und der Behörde unmittelbar übersandt werden soll.
? Belegart PG  wenn das Führungszeugnis zur Vorlage bei einer Behörde für eine in § 149 Abs. 2 Nr. 1 der Gewerbeordnung bezeichnete Entscheidung bestimmt ist und wenn das Führungszeugnis, soweit es Eintragungen enthält, vorher durch den Antragsteller beim Amtsgericht eingesehen werden soll.
? Belegarten NE, NG, OE und PE  das erweiterte Führungszeugnis nach § 30 a Bundeszentralregistergesetz (BZRG) für Personen, die in der Kinder- und Jugendbetreuung tätig sind. Der Antrag ist unter Vorlage einer schriftlichen Aufforderung, in der die Person (Stelle, Arbeitgeber, Träger), die das erweiterte Führungszeugnis von Ihnen verlangt, bestätigt, dass die Voraussetzungen nach § 30 a Abs. 1 BZRG vorliegen, zu stellen.
Die Ausstellung und Übersendung des Führungszeugnisses erfolgt durch die Bundeszentralregisterbehörde in Bonn; im Regelfall innerhalb von 10 - 14 Tagen nach Antragstellung.
Europäisches Führungszeugnis
In der Stadt Hildesheim mit Haupt- oder Nebenwohnsitz gemeldete Personen, die ausschliesslich oder zusätzlich zur deutschen Staatsangehörigkeit die Staatsangehörigkeit eines anderen Mitgliedsstaates der Europäischen Union besitzen, erhalten ein sogenanntes Europäisches Führungszeugnis, welches neben dem Inhalt des Bundeszentralregisters Auskunft über den Inhalt des Strafregisters des anderen Mitgliedsstaates gibt.
Das Europäische Führungszeugnis soll spätestens 20 Werktage nach Übermittlung des Ersuchens der Registerbehörde an den Mitgliedsstaat erteilt werden. Eine Übersetzung erfolgt dabei nicht. Hat der Herkunftsstaat keine Auskunft aus seinem Strafregister erteilt, wird hierauf im Führungszeugnis hingewiesen
Welche Unterlagen werden benötigt?
? Personalausweis bzw. Reisepass zum Nachweis der Identität
? Für behördliche Zwecke:
? Anschrift der Behörde und Angabe des Verwendungszwecks bzw. des Geschäftszeichens
Welche Gebühren fallen an?
Die Gebühr für die Ausstellung eines Führungszeugnisses beträgt 13,00 Euro zuzüglich der Kosten für den Postversand.
Die Ausstellung eines Führungszeugnisses ist gebührenfrei, wenn es zum Zwecke des Ausübens einer ehrenamtlichen Tätigkeit in einer gemeinnützigen oder vergleichbaren Einrichtung benötigt wird. Dies gilt unabhängig davon, ob für das Ehrenamt eine materielle Entschädigung gezahlt wird. Wird eine Gebührenbefreiung beantragt, muss durch eine Bescheinigung der Einrichtung, für die die ehrenamtliche Tätigkeit erbracht wird, nachgewiesen werden, dass das Führungszeugnis für eine ehrenamtliche Tätigkeit benötigt wird. Für eine hauptamtliche oder nebenamtliche berufliche Tätigkeit wird eine Gebührenbefreiung hingegen nicht gewährt.
Was sollte ich noch wissen?
Seit dem 01.09.2014 besteht die Möglichkeit, Führungszeugnisse unmittelbar beim Bundesamt für Justiz online zu beantragen.
Aus aktuellem Anlass wird daraufhingewiesen, dass eine Online-Beantragung von Führungszeugnissen ausschliesslich über das amtliche Online-Portal des Bundesamtes für Justiz (BfJ) möglich ist.
Anderslautende Internetadresse, unter denen dem Anschein nach Führungszeugnisse beantragt werden können, stehen in keinem Zusammenhang mit dem BfJ. Dort vermeindlich gestellte Anträge sowie dort geleistete Zahlungen erreichen das BfJ nicht.",,
K_7,"Eheschließung
Allgemeine Informationen
Trauungen werden aktuell im Neuen Rathaus, im Alten Rathaus sowie zusätzlich vom 01.06. bis 30.09. des Jahres auf den Schillerwiesen angeboten.
Freitags sind Vorsprachen nur nach vorheriger Terminvereinbarung möglich.

Der erste ""amtliche Schritt"" auf dem Weg in die Eheschließung ist die förmliche Anmeldung beim Standesamt. Sie wird von dem Standesamt entgegengenommen, in dessen Bezirk einer der Lebenspartnerinnen oder Lebenspartner den Hauptwohnsitz hat. Wenn Sie beide nicht in Göttingen wohnen und trotzdem hier heiraten möchten  kein Problem. Sie melden Ihre Eheschließung beim Wohnsitzstandesamt an und teilen mit, dass Sie beim Standesamt Göttingen heiraten möchten. Der Standesbeamte dort wird uns dann die Unterlagen übersenden.
Welche Unterlagen werden benötigt?
Welche Urkunden und Unterlagen für die Anmeldung der Eheschließung erforderlich sind, hängt vom Einzelfall ab.
Am einfachsten ist die Anmeldung, wenn beide Verlobte die deutsche Staatsangehörigkeit besitzen, in Göttingen geboren sind und ihren Hauptwohnsitz in Göttingen haben.
In diesem Fall legen Sie bitte nur Ihren gültigen Personalausweis oder Reisepass vor.
Sofern Sie nicht in Göttingen geboren sind, ist eine aktuell beglaubigt Abschrift aus dem Geburtenregister des Geburtsstandesamtes erforderlich und wenn der Hauptwohnsitz einer der Verlobten sich nicht in Göttingen befindet, zusätzlich eine Aufenthaltsbescheinigung der zuständigen Meldebehörde.
Haben Sie bereits gemeinsame Kinder, wird um Vorlage der Geburtsurkunde und Vaterschaftsanerkennung gebeten.
Geschiedene oder verwitwete Verlobte müssen sich zusätzlich eine Eheurkunde mit Auflösungsvermerk oder eine beglaubigte Abschrift aus dem Eheregister vom Standesamt des Eheschließungsortes der Vorehe neu ausstellen lassen. Ausnahme  Sie haben Ihre Vorehe beim Standesamt Göttingen geschlossen.
In allen anderen Fällen erkundigen Sie sich bitte rechtszeitig beim Standesamt welche Unterlagen von Ihnen für die Anmeldung Ihrer Eheschließung beigebracht werden müssen.
Welche Gebühren fallen an?
Im Einzelfall unterschiedlich, wird bei der Anmeldung Ihrer Eheschließung geklärt.
Welche Fristen muss ich beachten?
Es müssen ggf. Fristen beachtet werden. Auskünfte erteilt Frau Menges, Tel. 400-3107.
Zuständig für diese Dienstleistung:
Kontakt: S. Menges: https://www.goettingen.de/buergerservice/personen/s-menges-900000049-25480.html",,
K_8,"Ummeldung einer Wohnung 
Allgemeine Informationen
Persönliche Vorsprachen sind ausschließlich mit Termin möglich. Es wird gebeten, einen Termin über die Online-Terminanfrage zu buchen. Es ist auch möglich, Gruppentermine für mehrere Personen zu reservieren.
Bitte immer nur einen Termin reservieren. Sollten mehrere Termine gebucht werden, behält sich der Fachdienst vor, die weiteren Termine zu löschen, um Terminkapazitäten nicht einzuschränken und anderen Bürgerinnen und Bürgern ebenfalls zeitnahe Terminreservierungen zu ermöglichen. Kann ein bereits gebuchter und bestätigter Termin nicht in Anspruch genommen werden, wird ausdrücklich darum gebeten, den gebuchten Termin rechtzeitig selbst zu stornieren.
https://termin.goettingen.de/

Personen, die innerhalb einer Gemeinde/Stadt eine neue Wohnung beziehen, haben sich für diese umzumelden. Wohnung im Sinne des Bundesmeldegesetzes ist jeder umschlossene Raum, der zum Wohnen oder zum Schlafen genutzt wird.
Meldepflichtig für Personen bis zum vollendeten 16. Lebensjahr ist der Wohnungsgeber. Für Personen, für die ein Pfleger oder ein Betreuer bestellt ist, dessen Aufgabenbereich die Aufenthaltsbestimmung umfasst, obliegt die Meldepflicht dem Pfleger oder Betreuer.
Der Meldepflichtige kann sich vertreten lassen. Auf Wunsch der Meldebehörde muss er jedoch persönlich erscheinen. In jedem Fall muss der Meldepflichtige das Meldeformular eigenhändig unterschreiben bzw. seinem Vertreter eine entsprechende Vollmacht ausstellen. Im Falle einer gemeinsamen Ummeldung von Familienangehörigen (Eltern mit ihren minderjährigen Kindern) mit denselben bisherigen und künftigen Wohnungen genügt es, wenn einer der Meldepflichtigen das Meldeformular unterschreibt. Volljährige Familienmitglieder dürfen nur mit angemeldet werden, wenn eine Vollmacht vorliegt.
Welche Unterlagen werden benötigt?
? Seit dem 01. November 2015 benötigt jeder Meldepflichtige eine Wohnungsgeberbestätigung (z.B. Vermieter bzw. Eigentümer) diese ist bei der Anmeldung/Ummeldung vorzulegen. Eine Anmeldung mit einem Mietvertrag ist nicht ausreichend.
? Identitätsnachweis (wenn vorhanden Personalausweis, sonst Reisepass). Bei Kindern und Jugendlichen unter 16 Jahren die Geburtsurkunde, sofern noch kein Kinder-, Reisepass oder Personalausweis vorhanden sind.
Welche Gebühren fallen an?
? Gebühr:kostenfrei
Verspätete Meldungen mit Überschreitung der Meldefrist von 2 Woche können mit einem Bußgeld geahndet werden.
Welche Fristen muss ich beachten?
Die Ummeldung muss innerhalb von zwei Wochen nach Einzug in die Wohnung erfolgen. Wird die Frist nicht eingehalten, kann ein Bußgeld erhoben werden. Die Bearbeitung der Ummeldung erfolgt unverzüglich.
Zuständig für diese Dienstleistung:

Kontakt Service-Hotline Einwohnermeldehalle https://www.goettingen.de/buergerservice/personen/service-hotline-einwohnermeldehalle-900001583-25480.html",,
K_9,"Lebenspartnerschaftsurkunde-Ausstellung 
Allgemeine Informationen
Auf Wunsch kann über die Tatsache der Begründung einer Lebenspartnerschaft eine Lebenspartnerschaftsurkunde ausgestellt werden. 
Einsicht in das Lebenspartnerschaftsregister, die Erteilung von Auskünften sowie die Ausstellung von Personenstandsurkunden aus ebendiesem Register können vor Ablauf der Fortführungsfristen nur verlangen:
? Behörden und Gerichte im Rahmen ihrer Zuständigkeit und unter Angabe des Zweckes,
? Hochschulen und andere Einrichtungen, die wissenschaftliche Forschung betreiben, im Rahmen vorab zu genehmigender Forschungsvorhaben,
? Personen, auf die sich der Antrag bezieht sowie deren Ehegatten, Lebenspartner, Vorfahren und Abkömmlinge,
? andere Personen, wenn sie ein rechtliches Interesse glaubhaft machen.
Verfahrensablauf
Die Lebenspartnerschaftsurkunde wird in der Regel bei der Begründung der Lebenspartnerschaft erstellt und ausgehändigt.
Die Lebenspartnerschaftsurkunde wird auf der Grundlage des errichteten Registers (sogenannter Haupteintrag) errichtet und gibt den aktuellen Stand - unter Berücksichtigung der sich aus der Fortführung ergebenden Daten - des Registers wieder. 
An wen muss ich mich wenden?
De Zuständigkeit liegt bei der Gemeinde, der Samtgemeinde und der Stadt, in der die Lebenspartnerschaft begründet wurde oder die auf Antrag eine im Ausland geschlossene Lebenspartnerschaft (nach)beurkundet hat..
? § 56 Abs. 4 Personenstandsgesetz (PStG)
Welche Unterlagen werden benötigt?
Personen, auf die sich der Eintrag im Lebenspartnerschaftsregister bezieht, sowie deren Ehegatten, Lebenspartner, Vorfahren und Abkömmlinge:
? Personalausweis oder Reisepass
andere Personen:
? Personalausweis oder Reisepass sowie ein Nachweis über ihr rechtliches Interesse an der Ausstellung der Lebenspartnerschaftsurkunde
Welche Gebühren fallen an?
Die Gebühren betragen für die erste Urkunde (auch Internationale Urkunde) 15,00 Euro; jede weitere - zum gleichen Zeitpunkt beantragte Urkunde - 7,50 Euro. (ggf. zzgl. Portokosten) 
Welche Fristen muss ich beachten?
Die Frist für die Führung der Lebenspartnerschaft durch das Standesamt von 80 Jahren darf noch nicht abgelaufen sein.
Bearbeitungsdauer
Wir versuchen Ihr Anliegen möglichst kurzfristig zu bearbeiten. Die durchschnittliche Bearbeitungszeit beträgt ca. 2 Wochen. Auch die Versendung der Urkunden über den beauftragten Postdienstleister kann bis zu 2 Wochen dauern. Hierfür bitten wir um Verständnis. Bitte sehen Sie in dieser Zeit von Rückfragen ab.
Auskünfte im Rahmen der Ahnenforschung nehmen - je nach Umfang der Anfrage - einen wesentlich längeren Zeitaufwand (Suchaufwand) in Anspruch. Hier kann es in Einzelfällen zu einer 3-4 -wöchtigen Bearbeitungszeit kommen. Hierfür bitten wir um Verständnis.
Rechtsgrundlage
§ 55 Personenstandsgesetz (PStG)
§ 58 Personenstandsgesetz (PStG)
§ 62 Personenstandsgesetz (PStG)
? § 56 Personenstandsgesetz (PStG)",,
